Protocollo;Gruppo;DataOraIncidente;Localizzazione1;STRADA1;Localizzazione2;STRADA2;Strada02;Chilometrica;DaSpecificare;NaturaIncidente;particolaritastrade;TipoStrada;FondoStradale;Pavimentazione;Segnaletica;CondizioneAtmosferica;Traffico;Visibilita;Illuminazione;NUM_FERITI;NUM_RISERVATA;NUM_MORTI;NUM_ILLESI;Longitudine;Latitudine;Confermato;Progressivo;TipoVeicolo;StatoVeicolo;TipoPersona;Sesso;Tipolesione;Deceduto;DecedutoDopo;CinturaCascoUtilizzato;Airbag
1846696;20;14/08/2010 23:30;Strada Urbana;VIA CAPENA;in corrispondenza;;del civico n. ;34;;Veicolo in marcia contro veicolo fermo;Rettilineo;Una carreggiata a doppio senso;Asciutto;Asfaltata;Assente;Nuvoloso;Scarso;Sufficiente;Sufficiente;0;0;0;2;;;-1;2;Autovettura privata;In marcia / fermata / arresto;Passeggero;M;Illeso;0;;Non accertato;Inesistente
1846697;20;15/08/2010 02:40;Statale entro l'abitato;VIA FLAMINIA;in prossimità;;del civico n. ;871 A;;Veicolo in marcia contro ostacolo fisso;Rettilineo;Una carreggiata a senso unico di marcia;Bagnato (pioggia);Asfaltata;Verticale ed orizzontale;Nuvoloso;Scarso;Sufficiente;Sufficiente;1;0;0;0;;;-1;1;Autocarro inferiore 35 q.;In marcia / fermata / arresto;Conducente;M;Rimandato;0;NON DECEDUTO;Non accertato;Inesistente
1846698;20;15/08/2010 16:00;Strada Urbana;LUNGOTEVERE MARESCIALLO DIAZ;da specificare;;;;Via Boselli fronte River ;Scontro frontale/laterale SX fra veicoli in marcia;Rettilineo;Due carreggiate;Asciutto;Asfaltata;Orizzontale;Sereno;Intenso;Buona;Ore Diurne;1;0;0;4;;;-1;1;Motociclo a solo;In marcia / fermata / arresto;Conducente;M;Rifiuta cure immediate;0;NON DECEDUTO;Non accertato;Inesistente
1846698;20;15/08/2010 16:00;Strada Urbana;LUNGOTEVERE MARESCIALLO DIAZ;da specificare;;;;Via Boselli fronte River ;Scontro frontale/laterale SX fra veicoli in marcia;Rettilineo;Due carreggiate;Asciutto;Asfaltata;Orizzontale;Sereno;Intenso;Buona;Ore Diurne;1;0;0;4;;;-1;2;Autovettura privata;In marcia / fermata / arresto;Conducente;M;Illeso;0;;Non accertato;Inesistente
1846698;20;15/08/2010 16:00;Strada Urbana;LUNGOTEVERE MARESCIALLO DIAZ;da specificare;;;;Via Boselli fronte River ;Scontro frontale/laterale SX fra veicoli in marcia;Rettilineo;Due carreggiate;Asciutto;Asfaltata;Orizzontale;Sereno;Intenso;Buona;Ore Diurne;1;0;0;4;;;-1;2;Autovettura privata;In marcia / fermata / arresto;Passeggero;F;Illeso;0;;Non accertato;Inesistente
1846698;20;15/08/2010 16:00;Strada Urbana;LUNGOTEVERE MARESCIALLO DIAZ;da specificare;;;;Via Boselli fronte River ;Scontro frontale/laterale SX fra veicoli in marcia;Rettilineo;Due carreggiate;Asciutto;Asfaltata;Orizzontale;Sereno;Intenso;Buona;Ore Diurne;1;0;0;4;;;-1;2;Autovettura privata;In marcia / fermata / arresto;Passeggero;F;Illeso;0;;Non accertato;Inesistente
1846698;20;15/08/2010 16:00;Strada Urbana;LUNGOTEVERE MARESCIALLO DIAZ;da specificare;;;;Via Boselli fronte River ;Scontro frontale/laterale SX fra veicoli in marcia;Rettilineo;Due carreggiate;Asciutto;Asfaltata;Orizzontale;Sereno;Intenso;Buona;Ore Diurne;1;0;0;4;;;-1;2;Autovettura privata;In marcia / fermata / arresto;Passeggero;F;Illeso;0;;Non accertato;Inesistente
1846699;20;15/08/2010 21:25;Strada Urbana;VIA DELLA GIUSTINIANA;all'intersezione con;VIA INVERIGO;VIA INVERIGO;;;Scontro frontale/laterale SX fra veicoli in marcia;Incrocio;Una carreggiata a doppio senso;Asciutto;Asfaltata;Verticale ed orizzontale;Sereno;Scarso;Sufficiente;Sufficiente;0;0;0;3;;;-1;1;Autovettura privata;In marcia / fermata / arresto;Conducente;M;Illeso;0;;Non accertato;Inesistente
1846699;20;15/08/2010 21:25;Strada Urbana;VIA DELLA GIUSTINIANA;all'intersezione con;VIA INVERIGO;VIA INVERIGO;;;Scontro frontale/laterale SX fra veicoli in marcia;Incrocio;Una carreggiata a doppio senso;Asciutto;Asfaltata;Verticale ed orizzontale;Sereno;Scarso;Sufficiente;Sufficiente;0;0;0;3;;;-1;1;Autovettura privata;In marcia / fermata / arresto;Passeggero;F;Illeso;0;;Non accertato;Inesistente
1846699;20;15/08/2010 21:25;Strada Urbana;VIA DELLA GIUSTINIANA;all'intersezione con;VIA INVERIGO;VIA INVERIGO;;;Scontro frontale/laterale SX fra veicoli in marcia;Incrocio;Una carreggiata a doppio senso;Asciutto;Asfaltata;Verticale ed orizzontale;Sereno;Scarso;Sufficiente;Sufficiente;0;0;0;3;;;-1;2;Autovettura privata;In marcia / fermata / arresto;Conducente;M;Illeso;0;;Non accertato;Inesistente
1846701;7;13/08/2010 09:00;Strada Urbana;VIA PRENESTINA;all'intersezione con;VIA RINA MONTI;VIA RINA MONTI;;;Tamponamento;Incrocio;Una carreggiata a doppio senso;Asciutto;Asfaltata;Verticale;Sereno;Normale;Buona;Ore Diurne;0;0;0;4;;;-1;1;Autovettura privata;In marcia / fermata / arresto;Conducente;M;Illeso;0;;Non accertato;Inesploso
1846701;7;13/08/2010 09:00;Strada Urbana;VIA PRENESTINA;all'intersezione con;VIA RINA MONTI;VIA RINA MONTI;;;Tamponamento;Incrocio;Una carreggiata a doppio senso;Asciutto;Asfaltata;Verticale;Sereno;Normale;Buona;Ore Diurne;0;0;0;4;;;-1;1;Autovettura privata;In marcia / fermata / arresto;Passeggero;M;Illeso;0;;Non accertato;Inesistente
1846701;7;13/08/2010 09:00;Strada Urbana;VIA PRENESTINA;all'intersezione con;VIA RINA MONTI;VIA RINA MONTI;;;Tamponamento;Incrocio;Una carreggiata a doppio senso;Asciutto;Asfaltata;Verticale;Sereno;Normale;Buona;Ore Diurne;0;0;0;4;;;-1;2;Autovettura privata;In marcia / fermata / arresto;Conducente;F;Illeso;0;;Non accertato;Inesploso
1846701;7;13/08/2010 09:00;Strada Urbana;VIA PRENESTINA;all'intersezione con;VIA RINA MONTI;VIA RINA MONTI;;;Tamponamento;Incrocio;Una carreggiata a doppio senso;Asciutto;Asfaltata;Verticale;Sereno;Normale;Buona;Ore Diurne;0;0;0;4;;;-1;3;Autocarro inferiore 35 q.;In marcia / fermata / arresto;Conducente;M;Illeso;0;;Non accertato;Inesploso
1846702;7;13/08/2010 15:30;Strada Urbana;VIALE PALMIRO TOGLIATTI;in prossimità;;del civico n. ;760;;Tamponamento;Rettilineo;Due carreggiate;Asciutto;Asfaltata;Verticale ed orizzontale;Nuvoloso;Scarso;Buona;Ore Diurne;0;0;0;4;;;-1;1;Autovettura privata;In marcia / fermata / arresto;Conducente;F;Illeso;0;;Non accertato;Inesploso
1846702;7;13/08/2010 15:30;Strada Urbana;VIALE PALMIRO TOGLIATTI;in prossimità;;del civico n. ;760;;Tamponamento;Rettilineo;Due carreggiate;Asciutto;Asfaltata;Verticale ed orizzontale;Nuvoloso;Scarso;Buona;Ore Diurne;0;0;0;4;;;-1;2;Autovettura privata;In marcia / fermata / arresto;Conducente;F;Illeso;0;;Non accertato;Inesploso
1846702;7;13/08/2010 15:30;Strada Urbana;VIALE PALMIRO TOGLIATTI;in prossimità;;del civico n. ;760;;Tamponamento;Rettilineo;Due carreggiate;Asciutto;Asfaltata;Verticale ed orizzontale;Nuvoloso;Scarso;Buona;Ore Diurne;0;0;0;4;;;-1;2;Autovettura privata;In marcia / fermata / arresto;Passeggero;F;Illeso;0;;Non accertato;Inesploso
1846702;7;13/08/2010 15:30;Strada Urbana;VIALE PALMIRO TOGLIATTI;in prossimità;;del civico n. ;760;;Tamponamento;Rettilineo;Due carreggiate;Asciutto;Asfaltata;Verticale ed orizzontale;Nuvoloso;Scarso;Buona;Ore Diurne;0;0;0;4;;;-1;2;Autovettura privata;In marcia / fermata / arresto;Passeggero;M;Illeso;0;;Non accertato;Inesploso
1846703;7;15/08/2010 15:30;Strada Urbana;VIA DEI GLICINI;in prossimità;;del civico n. ;133;;Veicolo in marcia contro veicolo in sosta;Rettilineo;Una carreggiata a doppio senso;Asciutto;Asfaltata;Assente;Sereno;Scarso;Buona;Ore Diurne;0;0;0;1;;;-1;1;Autovettura privata;In marcia / fermata / arresto;Conducente;M;Illeso;0;;Utilizzato;Esploso
1846704;8;14/08/2010 19:45;Strada Urbana;VIA ALCINOO;all'intersezione con;VIA ATLANTE;VIA ATLANTE;;;Veicolo in marcia contro veicoli fermi;Intersezione non regolata/non segnalata;Una carreggiata a doppio senso;Asciutto;Asfaltata;Assente;Nuvoloso;Scarso;Buona;Ore Diurne;0;0;0;1;;;-1;1;Autovettura privata;In marcia / fermata / arresto;Conducente;M;Illeso;0;;Non accertato;Inesistente
1846705;8;15/08/2010 04:00;Strada Urbana;VIA RADDUSA;in prossimità;;del civico n. ;61;;Veicolo in marcia contro ostacolo fisso;Rettilineo;Una carreggiata a senso unico di marcia;Asciutto;Asfaltata;Verticale;Sereno;Scarso;Sufficiente;Sufficiente;0;0;0;1;;;-1;1;Autovettura privata;In marcia / fermata / arresto;Conducente;M;Illeso;0;;Non accertato;Inesistente
1846706;8;15/08/2010 08:15;Provinciale entro l'abitato;VIA POLENSE;all'intersezione con;VIA PRETORO;VIA PRETORO;;;Tamponamento;Incrocio;Una carreggiata a doppio senso;Asciutto;Asfaltata;Orizzontale;Sereno;Normale;Buona;Ore Diurne;1;0;0;1;;;-1;1;Autovettura privata;In marcia / fermata / arresto;Conducente;M;Illeso;0;;Non accertato;Inesistente
1846706;8;15/08/2010 08:15;Provinciale entro l'abitato;VIA POLENSE;all'intersezione con;VIA PRETORO;VIA PRETORO;;;Tamponamento;Incrocio;Una carreggiata a doppio senso;Asciutto;Asfaltata;Orizzontale;Sereno;Normale;Buona;Ore Diurne;1;0;0;1;;;-1;2;Autovettura privata;In marcia / fermata / arresto;Conducente;M;Rimandato;0;NON DECEDUTO;Non accertato;Inesistente
1846707;8;15/08/2010 19:50;Strada Urbana;VIA DI TORRENOVA;all'intersezione con;VIA ALBEROBELLO;VIA ALBEROBELLO;;;Scontro frontale/laterale DX fra veicoli in marcia;Incrocio;Una carreggiata a doppio senso;Asciutto;Asfaltata;Verticale ed orizzontale;Sereno;Scarso;Buona;Sufficiente;1;0;0;2;;;-1;1;Autovettura privata;In marcia / fermata / arresto;Conducente;F;Illeso;0;;Non accertato;Inesistente
1846707;8;15/08/2010 19:50;Strada Urbana;VIA DI TORRENOVA;all'intersezione con;VIA ALBEROBELLO;VIA ALBEROBELLO;;;Scontro frontale/laterale DX fra veicoli in marcia;Incrocio;Una carreggiata a doppio senso;Asciutto;Asfaltata;Verticale ed orizzontale;Sereno;Scarso;Buona;Sufficiente;1;0;0;2;;;-1;1;Autovettura privata;In marcia / fermata / arresto;Passeggero;M;Illeso;0;;Non accertato;Inesistente
1846707;8;15/08/2010 19:50;Strada Urbana;VIA DI TORRENOVA;all'intersezione con;VIA ALBEROBELLO;VIA ALBEROBELLO;;;Scontro frontale/laterale DX fra veicoli in marcia;Incrocio;Una carreggiata a doppio senso;Asciutto;Asfaltata;Verticale ed orizzontale;Sereno;Scarso;Buona;Sufficiente;1;0;0;2;;;-1;2;Motociclo a solo;In marcia / fermata / arresto;Conducente;M;Rimandato;0;NON DECEDUTO;Utilizzato;Inesistente
1846708;9;15/08/2010 17:10;Strada Urbana;VIA ETRURIA;all'intersezione con;VIA POMEZIA;VIA POMEZIA;;;Scontro frontale/laterale DX fra veicoli in marcia;Incrocio;Una carreggiata a senso unico di marcia;Asciutto;Asfaltata;Verticale ed orizzontale;Sereno;Scarso;Buona;Ore Diurne;2;0;0;1;;;-1;1;Autobus di linea;In marcia / fermata / arresto;Conducente;M;Illeso;0;;Esente;Inesistente
1846708;9;15/08/2010 17:10;Strada Urbana;VIA ETRURIA;all'intersezione con;VIA POMEZIA;VIA POMEZIA;;;Scontro frontale/laterale DX fra veicoli in marcia;Incrocio;Una carreggiata a senso unico di marcia;Asciutto;Asfaltata;Verticale ed orizzontale;Sereno;Scarso;Buona;Ore Diurne;2;0;0;1;;;-1;2;Autovettura privata;In marcia / fermata / arresto;Conducente;M;Rimandato;0;NON DECEDUTO;Non accertato;Inesistente
1846708;9;15/08/2010 17:10;Strada Urbana;VIA ETRURIA;all'intersezione con;VIA POMEZIA;VIA POMEZIA;;;Scontro frontale/laterale DX fra veicoli in marcia;Incrocio;Una carreggiata a senso unico di marcia;Asciutto;Asfaltata;Verticale ed orizzontale;Sereno;Scarso;Buona;Ore Diurne;2;0;0;1;;;-1;2;Autovettura privata;In marcia / fermata / arresto;Passeggero;F;Rimandato;0;NON DECEDUTO;Non accertato;Inesistente
1846709;9;15/08/2010 20:45;Strada Urbana;PIAZZALE LABICANO;da specificare;;;;in prossimità impianto semaforico;Infortunio per sola frenata improvvisa;Rettilineo;Una carreggiata a senso unico di marcia;Asciutto;Asfaltata;Verticale ed orizzontale;Sereno;Normale;Buona;Sufficiente;1;0;0;0;;;-1;1;Motociclo a solo;In marcia / fermata / arresto;Conducente;M;Ricoverato;0;NON DECEDUTO;Non accertato;Inesistente
1846710;23;12/08/2010 23:45;Strada Urbana;VIA ALGAJOLA;all'intersezione con;Via della Stella Polare;Via della Stella Polare;;;Scontro frontale/laterale DX fra veicoli in marcia;Incrocio;Una carreggiata a doppio senso;Asciutto;Asfaltata;Verticale ed orizzontale;Sereno;Scarso;Buona;Sufficiente;3;0;0;3;;;-1;1;Autovettura privata;In marcia / fermata / arresto;Conducente;M;Illeso;0;;Non accertato;Inesistente
1846710;23;12/08/2010 23:45;Strada Urbana;VIA ALGAJOLA;all'intersezione con;Via della Stella Polare;Via della Stella Polare;;;Scontro frontale/laterale DX fra veicoli in marcia;Incrocio;Una carreggiata a doppio senso;Asciutto;Asfaltata;Verticale ed orizzontale;Sereno;Scarso;Buona;Sufficiente;3;0;0;3;;;-1;1;Autovettura privata;In marcia / fermata / arresto;Passeggero;F;Illeso;0;;Non accertato;Inesistente
1846710;23;12/08/2010 23:45;Strada Urbana;VIA ALGAJOLA;all'intersezione con;Via della Stella Polare;Via della Stella Polare;;;Scontro frontale/laterale DX fra veicoli in marcia;Incrocio;Una carreggiata a doppio senso;Asciutto;Asfaltata;Verticale ed orizzontale;Sereno;Scarso;Buona;Sufficiente;3;0;0;3;;;-1;2;Autovettura privata;In marcia / fermata / arresto;Conducente;M;Rimandato;0;NON DECEDUTO;Non accertato;Inesistente
1846710;23;12/08/2010 23:45;Strada Urbana;VIA ALGAJOLA;all'intersezione con;Via della Stella Polare;Via della Stella Polare;;;Scontro frontale/laterale DX fra veicoli in marcia;Incrocio;Una carreggiata a doppio senso;Asciutto;Asfaltata;Verticale ed orizzontale;Sereno;Scarso;Buona;Sufficiente;3;0;0;3;;;-1;2;Autovettura privata;In marcia / fermata / arresto;Passeggero;F;Rimandato;0;NON DECEDUTO;Non accertato;Inesistente
1846710;23;12/08/2010 23:45;Strada Urbana;VIA ALGAJOLA;all'intersezione con;Via della Stella Polare;Via della Stella Polare;;;Scontro frontale/laterale DX fra veicoli in marcia;Incrocio;Una carreggiata a doppio senso;Asciutto;Asfaltata;Verticale ed orizzontale;Sereno;Scarso;Buona;Sufficiente;3;0;0;3;;;-1;2;Autovettura privata;In marcia / fermata / arresto;Passeggero;M;Illeso;0;;Non accertato;Inesistente
1846710;23;12/08/2010 23:45;Strada Urbana;VIA ALGAJOLA;all'intersezione con;Via della Stella Polare;Via della Stella Polare;;;Scontro frontale/laterale DX fra veicoli in marcia;Incrocio;Una carreggiata a doppio senso;Asciutto;Asfaltata;Verticale ed orizzontale;Sereno;Scarso;Buona;Sufficiente;3;0;0;3;;;-1;2;Autovettura privata;In marcia / fermata / arresto;Passeggero;F;Rimandato;0;NON DECEDUTO;Non accertato;Inesistente
1846711;23;13/08/2010 07:35;Strada Urbana;VIA DI ACILIA;da specificare;;;;in prossimità di VIA SOFOCLE;Scontro laterale fra veicoli in marcia;Rettilineo;Una carreggiata a doppio senso;Asciutto;Asfaltata;Verticale ed orizzontale;Sereno;Scarso;Buona;Ore Diurne;0;0;0;4;;;-1;1;Autocarro superiore 35 q.;In marcia / fermata / arresto;Conducente;M;Illeso;0;;Non accertato;Inesistente
1846711;23;13/08/2010 07:35;Strada Urbana;VIA DI ACILIA;da specificare;;;;in prossimità di VIA SOFOCLE;Scontro laterale fra veicoli in marcia;Rettilineo;Una carreggiata a doppio senso;Asciutto;Asfaltata;Verticale ed orizzontale;Sereno;Scarso;Buona;Ore Diurne;0;0;0;4;;;-1;2;Autocarro superiore 35 q.;In marcia / fermata / arresto;Conducente;M;Illeso;0;;Non accertato;Inesistente
1846711;23;13/08/2010 07:35;Strada Urbana;VIA DI ACILIA;da specificare;;;;in prossimità di VIA SOFOCLE;Scontro laterale fra veicoli in marcia;Rettilineo;Una carreggiata a doppio senso;Asciutto;Asfaltata;Verticale ed orizzontale;Sereno;Scarso;Buona;Ore Diurne;0;0;0;4;;;-1;2;Autocarro superiore 35 q.;In marcia / fermata / arresto;Passeggero;M;Illeso;0;;Non accertato;Inesistente
1846711;23;13/08/2010 07:35;Strada Urbana;VIA DI ACILIA;da specificare;;;;in prossimità di VIA SOFOCLE;Scontro laterale fra veicoli in marcia;Rettilineo;Una carreggiata a doppio senso;Asciutto;Asfaltata;Verticale ed orizzontale;Sereno;Scarso;Buona;Ore Diurne;0;0;0;4;;;-1;2;Autocarro superiore 35 q.;In marcia / fermata / arresto;Passeggero;M;Illeso;0;;Non accertato;Inesistente
1846712;23;14/08/2010 12:40;Strada Urbana;VIA CRISTOFORO COLOMBO;all'intersezione semaforizzata con;VIALE DELL'UMANESIMO;VIALE DELL'UMANESIMO;;;Tamponamento Multiplo;Intersezione semaforizzata;Una carreggiata a senso unico di marcia;Bagnato (pioggia);Asfaltata;Verticale ed orizzontale;Pioggia in atto;Scarso;Buona;Ore Diurne;0;0;0;3;;;-1;1;Autovettura privata;In marcia / fermata / arresto;Conducente;F;Illeso;0;;Utilizzato;Inesistente
1846712;23;14/08/2010 12:40;Strada Urbana;VIA CRISTOFORO COLOMBO;all'intersezione semaforizzata con;VIALE DELL'UMANESIMO;VIALE DELL'UMANESIMO;;;Tamponamento Multiplo;Intersezione semaforizzata;Una carreggiata a senso unico di marcia;Bagnato (pioggia);Asfaltata;Verticale ed orizzontale;Pioggia in atto;Scarso;Buona;Ore Diurne;0;0;0;3;;;-1;2;Autovettura privata;In marcia / fermata / arresto;Conducente;M;Illeso;0;;Utilizzato;Inesistente
1846712;23;14/08/2010 12:40;Strada Urbana;VIA CRISTOFORO COLOMBO;all'intersezione semaforizzata con;VIALE DELL'UMANESIMO;VIALE DELL'UMANESIMO;;;Tamponamento Multiplo;Intersezione semaforizzata;Una carreggiata a senso unico di marcia;Bagnato (pioggia);Asfaltata;Verticale ed orizzontale;Pioggia in atto;Scarso;Buona;Ore Diurne;0;0;0;3;;;-1;3;Autovettura privata;In marcia / fermata / arresto;Conducente;M;Illeso;0;;Utilizzato;Inesistente
1846713;23;14/08/2010 16:00;Comunale extraurbana;VIA CRISTOFORO COLOMBO;in prossimità;;della chilometrica ;19,85;;Veicolo in marcia contro ostacolo accidentale;Rettilineo;Più di due carreggiate;Asciutto;Asfaltata;Verticale ed orizzontale;Nuvoloso;Scarso;Buona;Ore Diurne;0;0;0;1;;;-1;1;Autovettura privata;In marcia / fermata / arresto;Conducente;M;Illeso;0;;Non accertato;Inesistente
1846714;23;16/08/2010 01:15;Strada Urbana;VIA CRISTOFORO COLOMBO;in prossimità;;della chilometrica ;26;;Scontro frontale fra veicoli in marcia;Rettilineo;Più di due carreggiate;Asciutto;Asfaltata;Verticale ed orizzontale;Sereno;Scarso;Buona;Sufficiente;2;0;0;2;;;-1;1;Autovettura privata;In marcia / fermata / arresto;Conducente;M;Illeso;0;;Utilizzato;Inesploso
1846714;23;16/08/2010 01:15;Strada Urbana;VIA CRISTOFORO COLOMBO;in prossimità;;della chilometrica ;26;;Scontro frontale fra veicoli in marcia;Rettilineo;Più di due carreggiate;Asciutto;Asfaltata;Verticale ed orizzontale;Sereno;Scarso;Buona;Sufficiente;2;0;0;2;;;-1;1;Autovettura privata;In marcia / fermata / arresto;Passeggero;F;Illeso;0;;Utilizzato;Inesploso
1846714;23;16/08/2010 01:15;Strada Urbana;VIA CRISTOFORO COLOMBO;in prossimità;;della chilometrica ;26;;Scontro frontale fra veicoli in marcia;Rettilineo;Più di due carreggiate;Asciutto;Asfaltata;Verticale ed orizzontale;Sereno;Scarso;Buona;Sufficiente;2;0;0;2;;;-1;2;Motociclo con passeggero;In marcia / fermata / arresto;Conducente;M;Rifiuta cure immediate;0;NON DECEDUTO;Utilizzato;Inesistente
1846714;23;16/08/2010 01:15;Strada Urbana;VIA CRISTOFORO COLOMBO;in prossimità;;della chilometrica ;26;;Scontro frontale fra veicoli in marcia;Rettilineo;Più di due carreggiate;Asciutto;Asfaltata;Verticale ed orizzontale;Sereno;Scarso;Buona;Sufficiente;2;0;0;2;;;-1;2;Motociclo con passeggero;In marcia / fermata / arresto;Passeggero;F;Ricoverato;0;NON DECEDUTO;Utilizzato;Inesistente
1846715;1;14/08/2010 10:20;Strada Urbana;VIA FERDINANDO DI SAVOIA;da specificare;;;;ALT RAMPA IMMISSIONE PIAZZA DEL POPOLO;Veicolo in marcia contro ostacolo accidentale;Rettilineo;Una carreggiata a senso unico di marcia;Bagnato (pioggia);Acciotolata;Assente;Pioggia in atto;Scarso;Buona;Ore Diurne;1;0;0;0;;;-1;1;Ciclomotore;In marcia / fermata / arresto;Conducente;F;Rimandato;0;NON DECEDUTO;Non accertato;Inesistente
1846716;1;14/08/2010 15:00;Strada Urbana;LUNGOTEVERE TESTACCIO;all'intersezione semaforizzata con;PIAZZA DELL'EMPORIO;PIAZZA DELL'EMPORIO;;;Scontro frontale/laterale DX fra veicoli in marcia;Intersezione semaforizzata;Una carreggiata a doppio senso;Asciutto;Asfaltata;Verticale ed orizzontale;Nuvoloso;Scarso;Buona;Ore Diurne;0;0;0;5;;;-1;1;Autovettura privata;In marcia / fermata / arresto;Conducente;M;Illeso;0;;Utilizzato;Inesistente
1846716;1;14/08/2010 15:00;Strada Urbana;LUNGOTEVERE TESTACCIO;all'intersezione semaforizzata con;PIAZZA DELL'EMPORIO;PIAZZA DELL'EMPORIO;;;Scontro frontale/laterale DX fra veicoli in marcia;Intersezione semaforizzata;Una carreggiata a doppio senso;Asciutto;Asfaltata;Verticale ed orizzontale;Nuvoloso;Scarso;Buona;Ore Diurne;0;0;0;5;;;-1;2;Autovettura privata;In marcia / fermata / arresto;Conducente;M;Illeso;0;;Utilizzato;Inesistente
1846716;1;14/08/2010 15:00;Strada Urbana;LUNGOTEVERE TESTACCIO;all'intersezione semaforizzata con;PIAZZA DELL'EMPORIO;PIAZZA DELL'EMPORIO;;;Scontro frontale/laterale DX fra veicoli in marcia;Intersezione semaforizzata;Una carreggiata a doppio senso;Asciutto;Asfaltata;Verticale ed orizzontale;Nuvoloso;Scarso;Buona;Ore Diurne;0;0;0;5;;;-1;2;Autovettura privata;In marcia / fermata / arresto;Passeggero;F;Illeso;0;;Utilizzato;Inesistente
1846716;1;14/08/2010 15:00;Strada Urbana;LUNGOTEVERE TESTACCIO;all'intersezione semaforizzata con;PIAZZA DELL'EMPORIO;PIAZZA DELL'EMPORIO;;;Scontro frontale/laterale DX fra veicoli in marcia;Intersezione semaforizzata;Una carreggiata a doppio senso;Asciutto;Asfaltata;Verticale ed orizzontale;Nuvoloso;Scarso;Buona;Ore Diurne;0;0;0;5;;;-1;2;Autovettura privata;In marcia / fermata / arresto;Passeggero;M;Illeso;0;;Utilizzato;Inesistente
1846716;1;14/08/2010 15:00;Strada Urbana;LUNGOTEVERE TESTACCIO;all'intersezione semaforizzata con;PIAZZA DELL'EMPORIO;PIAZZA DELL'EMPORIO;;;Scontro frontale/laterale DX fra veicoli in marcia;Intersezione semaforizzata;Una carreggiata a doppio senso;Asciutto;Asfaltata;Verticale ed orizzontale;Nuvoloso;Scarso;Buona;Ore Diurne;0;0;0;5;;;-1;2;Autovettura privata;In marcia / fermata / arresto;Passeggero;F;Illeso;0;;Utilizzato;Inesistente
1846717;1;15/08/2010 00:30;Strada Urbana;VIA DELLA LUNGARA;in corrispondenza;;del civico n. ;23/26;;Veicolo in marcia contro ostacolo fisso;Rettilineo;Una carreggiata a doppio senso;Bagnato (pioggia);Acciotolata;Verticale ed orizzontale;Pioggia in atto;Scarso;Sufficiente;Sufficiente;0;0;0;1;;;-1;1;Autovettura privata;In marcia / fermata / arresto;Conducente;M;Illeso;0;;Non accertato;Inesistente
1846718;1;15/08/2010 06:45;Strada Urbana;VIA DELL'ESQUILINO;in prossimità;;del civico n. ;33;;Veicolo in marcia contro ostacolo accidentale;Rettilineo;Una carreggiata a senso unico di marcia;Viscido da liquidi oleosi;Asfaltata;Verticale ed orizzontale;Sereno;Scarso;Buona;Ore Diurne;2;0;0;0;;;-1;1;Motociclo con passeggero;In marcia / fermata / arresto;Conducente;M;Rimandato;0;NON DECEDUTO;Non accertato;Inesistente
1846718;1;15/08/2010 06:45;Strada Urbana;VIA DELL'ESQUILINO;in prossimità;;del civico n. ;33;;Veicolo in marcia contro ostacolo accidentale;Rettilineo;Una carreggiata a senso unico di marcia;Viscido da liquidi oleosi;Asfaltata;Verticale ed orizzontale;Sereno;Scarso;Buona;Ore Diurne;2;0;0;0;;;-1;1;Motociclo con passeggero;In marcia / fermata / arresto;Passeggero;M;Rimandato;0;NON DECEDUTO;Utilizzato;Inesistente
1846719;1;15/08/2010 17:50;Strada Urbana;VIALE MANZONI;all'intersezione semaforizzata con;VIA CONTE VERDE;VIA CONTE VERDE;;;Scontro frontale/laterale SX fra veicoli in marcia;Incrocio;Una carreggiata a senso unico alternato;Asciutto;Asfaltata;Verticale ed orizzontale;Sereno;Normale;Buona;Ore Diurne;1;1;0;0;;;-1;1;Motociclo con passeggero;In marcia / fermata / arresto;Conducente;M;Prognosi riservata;0;NON DECEDUTO;Utilizzato;Inesistente
1846719;1;15/08/2010 17:50;Strada Urbana;VIALE MANZONI;all'intersezione semaforizzata con;VIA CONTE VERDE;VIA CONTE VERDE;;;Scontro frontale/laterale SX fra veicoli in marcia;Incrocio;Una carreggiata a senso unico alternato;Asciutto;Asfaltata;Verticale ed orizzontale;Sereno;Normale;Buona;Ore Diurne;1;1;0;0;;;-1;2;Autovettura privata;In marcia / fermata / arresto;Conducente;M;Rimandato;0;NON DECEDUTO;Utilizzato;Inesistente
1846720;1;16/08/2010 04:30;Strada Urbana;PIAZZA DI S. CROCE IN GERUSALEMME;in prossimità;;del palo luce n. ;7;;Veicolo in marcia contro ostacolo fisso;Curva a visuale libera;Una carreggiata a doppio senso;Asciutto;Asfaltata;Verticale ed orizzontale;Sereno;Scarso;Sufficiente;Sufficiente;2;0;0;0;;;-1;1;Autovettura privata;In marcia / fermata / arresto;Conducente;M;Rimandato;0;NON DECEDUTO;Non accertato;Inesploso
1846720;1;16/08/2010 04:30;Strada Urbana;PIAZZA DI S. CROCE IN GERUSALEMME;in prossimità;;del palo luce n. ;7;;Veicolo in marcia contro ostacolo fisso;Curva a visuale libera;Una carreggiata a doppio senso;Asciutto;Asfaltata;Verticale ed orizzontale;Sereno;Scarso;Sufficiente;Sufficiente;2;0;0;0;;;-1;1;Autovettura privata;In marcia / fermata / arresto;Passeggero;F;Rimandato;0;NON DECEDUTO;Non accertato;Inesploso