Protocollo;Gruppo;DataOraIncidente;Localizzazione1;STRADA1;Localizzazione2;STRADA2;Strada02;Chilometrica;DaSpecificare;NaturaIncidente;particolaritastrade;TipoStrada;FondoStradale;Pavimentazione;Segnaletica;CondizioneAtmosferica;Traffico;Visibilita;Illuminazione;NUM_FERITI;NUM_RISERVATA;NUM_MORTI;NUM_ILLESI;Longitudine;Latitudine;Confermato;Progressivo;TipoVeicolo;StatoVeicolo;TipoPersona;Sesso;Tipolesione;Deceduto;DecedutoDopo;CinturaCascoUtilizzato;Airbag
1847501;9;29/08/2010 12:50;Strada Urbana;VIA APPIA NUOVA;da specificare;;;;fronte civ. 21;Veicolo in marcia contro veicolo arresto;Rettilineo;Più di due carreggiate;Asciutto;Asfaltata;Verticale ed orizzontale;Sereno;Normale;Buona;Ore Diurne;1;0;0;3;;;-1;2;Autovettura privata;In marcia / fermata / arresto;Conducente;M;Illeso;0;;Non accertato;Inesistente
1847501;9;29/08/2010 12:50;Strada Urbana;VIA APPIA NUOVA;da specificare;;;;fronte civ. 21;Veicolo in marcia contro veicolo arresto;Rettilineo;Più di due carreggiate;Asciutto;Asfaltata;Verticale ed orizzontale;Sereno;Normale;Buona;Ore Diurne;1;0;0;3;;;-1;3;Autobus di linea;In marcia / fermata / arresto;Conducente;M;Illeso;0;;Non accertato;Inesistente
1847502;23;26/08/2010 18:00;Strada Urbana;VIA CRISTOFORO COLOMBO;all'intersezione con;VIA DEL MARTIN PESCATORE;VIA DEL MARTIN PESCATORE;;;Scontro laterale fra veicoli in marcia;Intersezione stradale segnalata;Più di due carreggiate;Asciutto;Asfaltata;Verticale ed orizzontale;Sereno;Normale;Buona;Ore Diurne;1;0;0;4;;;-1;1;Autovettura privata;In marcia / fermata / arresto;Conducente;F;Illeso;0;;Non accertato;Inesploso
1847502;23;26/08/2010 18:00;Strada Urbana;VIA CRISTOFORO COLOMBO;all'intersezione con;VIA DEL MARTIN PESCATORE;VIA DEL MARTIN PESCATORE;;;Scontro laterale fra veicoli in marcia;Intersezione stradale segnalata;Più di due carreggiate;Asciutto;Asfaltata;Verticale ed orizzontale;Sereno;Normale;Buona;Ore Diurne;1;0;0;4;;;-1;1;Autovettura privata;In marcia / fermata / arresto;Passeggero;F;Illeso;0;;Non accertato;Inesistente
1847502;23;26/08/2010 18:00;Strada Urbana;VIA CRISTOFORO COLOMBO;all'intersezione con;VIA DEL MARTIN PESCATORE;VIA DEL MARTIN PESCATORE;;;Scontro laterale fra veicoli in marcia;Intersezione stradale segnalata;Più di due carreggiate;Asciutto;Asfaltata;Verticale ed orizzontale;Sereno;Normale;Buona;Ore Diurne;1;0;0;4;;;-1;1;Autovettura privata;In marcia / fermata / arresto;Passeggero;M;Illeso;0;;Non accertato;Inesistente
1847502;23;26/08/2010 18:00;Strada Urbana;VIA CRISTOFORO COLOMBO;all'intersezione con;VIA DEL MARTIN PESCATORE;VIA DEL MARTIN PESCATORE;;;Scontro laterale fra veicoli in marcia;Intersezione stradale segnalata;Più di due carreggiate;Asciutto;Asfaltata;Verticale ed orizzontale;Sereno;Normale;Buona;Ore Diurne;1;0;0;4;;;-1;1;Autovettura privata;In marcia / fermata / arresto;Passeggero;F;Illeso;0;;Non accertato;Inesistente
1847502;23;26/08/2010 18:00;Strada Urbana;VIA CRISTOFORO COLOMBO;all'intersezione con;VIA DEL MARTIN PESCATORE;VIA DEL MARTIN PESCATORE;;;Scontro laterale fra veicoli in marcia;Intersezione stradale segnalata;Più di due carreggiate;Asciutto;Asfaltata;Verticale ed orizzontale;Sereno;Normale;Buona;Ore Diurne;1;0;0;4;;;-1;2;Motociclo a solo;In marcia / fermata / arresto;Conducente;M;Rimandato;0;NON DECEDUTO;Utilizzato;Inesistente
1847503;23;29/08/2010 09:20;Comunale extraurbana;VIA CRISTOFORO COLOMBO;all'intersezione semaforizzata con;VIALE DELLA VILLA DI PLINIO;VIALE DELLA VILLA DI PLINIO;;;Scontro frontale/laterale DX fra veicoli in marcia;Intersezione semaforizzata;Più di due carreggiate;Asciutto;Asfaltata;Verticale ed orizzontale;Sereno;Normale;Buona;Ore Diurne;0;1;0;2;;;-1;1;Autocarro inferiore 35 q.;In marcia / fermata / arresto;Conducente;M;Illeso;0;;Utilizzato;Inesistente
1847503;23;29/08/2010 09:20;Comunale extraurbana;VIA CRISTOFORO COLOMBO;all'intersezione semaforizzata con;VIALE DELLA VILLA DI PLINIO;VIALE DELLA VILLA DI PLINIO;;;Scontro frontale/laterale DX fra veicoli in marcia;Intersezione semaforizzata;Più di due carreggiate;Asciutto;Asfaltata;Verticale ed orizzontale;Sereno;Normale;Buona;Ore Diurne;0;1;0;2;;;-1;1;Autocarro inferiore 35 q.;In marcia / fermata / arresto;Passeggero;F;Illeso;0;;Utilizzato;Inesistente
1847503;23;29/08/2010 09:20;Comunale extraurbana;VIA CRISTOFORO COLOMBO;all'intersezione semaforizzata con;VIALE DELLA VILLA DI PLINIO;VIALE DELLA VILLA DI PLINIO;;;Scontro frontale/laterale DX fra veicoli in marcia;Intersezione semaforizzata;Più di due carreggiate;Asciutto;Asfaltata;Verticale ed orizzontale;Sereno;Normale;Buona;Ore Diurne;0;1;0;2;;;-1;2;Motociclo a solo;In marcia / fermata / arresto;Conducente;M;Prognosi riservata;0;NON DECEDUTO;Utilizzato;Inesistente
1847504;1;27/08/2010 15:30;Strada Urbana;PIAZZA VITTORIO EMANUELE II;all'intersezione con;VIA DELLO STATUTO;VIA DELLO STATUTO;;;Scontro laterale fra veicoli in marcia;Incrocio;Una carreggiata a doppio senso;Asciutto;Asfaltata;Verticale ed orizzontale;Sereno;Scarso;Buona;Ore Diurne;0;0;0;2;;;-1;1;Autovettura privata;In marcia / fermata / arresto;Conducente;M;Illeso;0;;Utilizzato;Inesistente
1847504;1;27/08/2010 15:30;Strada Urbana;PIAZZA VITTORIO EMANUELE II;all'intersezione con;VIA DELLO STATUTO;VIA DELLO STATUTO;;;Scontro laterale fra veicoli in marcia;Incrocio;Una carreggiata a doppio senso;Asciutto;Asfaltata;Verticale ed orizzontale;Sereno;Scarso;Buona;Ore Diurne;0;0;0;2;;;-1;2;Autovettura privata;In marcia / fermata / arresto;Conducente;M;Illeso;0;;Non accertato;Inesistente
1847506;1;27/08/2010 19:25;Strada Urbana;PIAZZA DELL'ARA COELI;in corrispondenza;;del civico n. ;3;;Scontro laterale fra veicoli in marcia;Rettilineo;Una carreggiata a senso unico di marcia;Asciutto;In cubetti di porfido;Verticale ed orizzontale;Sereno;Scarso;Buona;Ore Diurne;0;0;0;3;;;-1;1;Autovettura privata;In marcia / fermata / arresto;Conducente;M;Illeso;0;;Utilizzato;Inesistente
1847506;1;27/08/2010 19:25;Strada Urbana;PIAZZA DELL'ARA COELI;in corrispondenza;;del civico n. ;3;;Scontro laterale fra veicoli in marcia;Rettilineo;Una carreggiata a senso unico di marcia;Asciutto;In cubetti di porfido;Verticale ed orizzontale;Sereno;Scarso;Buona;Ore Diurne;0;0;0;3;;;-1;1;Autovettura privata;In marcia / fermata / arresto;Passeggero;F;Illeso;0;;Utilizzato;Inesistente
1847506;1;27/08/2010 19:25;Strada Urbana;PIAZZA DELL'ARA COELI;in corrispondenza;;del civico n. ;3;;Scontro laterale fra veicoli in marcia;Rettilineo;Una carreggiata a senso unico di marcia;Asciutto;In cubetti di porfido;Verticale ed orizzontale;Sereno;Scarso;Buona;Ore Diurne;0;0;0;3;;;-1;2;Autovettura privata;In marcia / fermata / arresto;Conducente;M;Illeso;0;;Utilizzato;Inesistente
1847508;1;28/08/2010 08:35;Strada Urbana;VIA DEL TEATRO DI MARCELLO;in corrispondenza;;del civico n. ;10;;Infortunio per sola frenata improvvisa;Rettilineo;Una carreggiata a doppio senso;Viscido da liquidi oleosi;Acciotolata;Verticale ed orizzontale;Sereno;Scarso;Buona;Ore Diurne;1;0;0;1;;;-1;1;Autobus urbano;In marcia / fermata / arresto;Conducente;M;Illeso;0;;Utilizzato;Inesistente
1847508;1;28/08/2010 08:35;Strada Urbana;VIA DEL TEATRO DI MARCELLO;in corrispondenza;;del civico n. ;10;;Infortunio per sola frenata improvvisa;Rettilineo;Una carreggiata a doppio senso;Viscido da liquidi oleosi;Acciotolata;Verticale ed orizzontale;Sereno;Scarso;Buona;Ore Diurne;1;0;0;1;;;-1;2;Motociclo a solo;In marcia / fermata / arresto;Conducente;M;Rimandato;0;NON DECEDUTO;Non accertato;Inesistente
1847510;1;28/08/2010 12:20;Strada Urbana;VIALE MARCO POLO;da specificare;;;;altezza civ.106;Scontro laterale fra veicoli in marcia;Rettilineo;Una carreggiata a doppio senso;Asciutto;Asfaltata;Verticale ed orizzontale;Sereno;Normale;Buona;Ore Diurne;0;0;0;2;;;-1;1;Autovettura privata;In marcia / fermata / arresto;Conducente;F;Illeso;0;;Utilizzato;Inesistente
1847510;1;28/08/2010 12:20;Strada Urbana;VIALE MARCO POLO;da specificare;;;;altezza civ.106;Scontro laterale fra veicoli in marcia;Rettilineo;Una carreggiata a doppio senso;Asciutto;Asfaltata;Verticale ed orizzontale;Sereno;Normale;Buona;Ore Diurne;0;0;0;2;;;-1;2;Autovettura privata;In marcia / fermata / arresto;Conducente;M;Illeso;0;;Utilizzato;Inesistente
1847511;1;29/08/2010 00:45;Strada Urbana;VIA DI S. MARIA IN COSMEDIN;all'intersezione semaforizzata con;VIA DELLA GRECA;VIA DELLA GRECA;;;Veicolo in marcia contro ostacolo accidentale;Intersezione semaforizzata;Una carreggiata a doppio senso;Viscido da liquidi oleosi;Asfaltata;Verticale ed orizzontale;Sereno;Normale;Buona;Sufficiente;2;0;0;0;;;-1;1;Motociclo con passeggero;In marcia / fermata / arresto;Conducente;F;Ricoverato;0;NON DECEDUTO;Utilizzato;Inesistente
1847511;1;29/08/2010 00:45;Strada Urbana;VIA DI S. MARIA IN COSMEDIN;all'intersezione semaforizzata con;VIA DELLA GRECA;VIA DELLA GRECA;;;Veicolo in marcia contro ostacolo accidentale;Intersezione semaforizzata;Una carreggiata a doppio senso;Viscido da liquidi oleosi;Asfaltata;Verticale ed orizzontale;Sereno;Normale;Buona;Sufficiente;2;0;0;0;;;-1;1;Motociclo con passeggero;In marcia / fermata / arresto;Passeggero;F;Ricoverato;0;NON DECEDUTO;Utilizzato;Inesistente
1847515;1;29/08/2010 23:20;Strada Urbana;PIAZZA DELL'EMPORIO;all'intersezione con;LUNGOTEVERE AVENTINO;LUNGOTEVERE AVENTINO;;;Tamponamento;Incrocio;Una carreggiata a senso unico di marcia;Asciutto;Asfaltata;Verticale ed orizzontale;Sereno;Scarso;Buona;Sufficiente;1;0;0;2;;;-1;1;Autovettura privata;In marcia / fermata / arresto;Conducente;F;Illeso;0;;Non accertato;Inesistente
1847515;1;29/08/2010 23:20;Strada Urbana;PIAZZA DELL'EMPORIO;all'intersezione con;LUNGOTEVERE AVENTINO;LUNGOTEVERE AVENTINO;;;Tamponamento;Incrocio;Una carreggiata a senso unico di marcia;Asciutto;Asfaltata;Verticale ed orizzontale;Sereno;Scarso;Buona;Sufficiente;1;0;0;2;;;-1;2;Autovettura privata;In marcia / fermata / arresto;Conducente;F;Illeso;0;;Non accertato;Inesistente
1847515;1;29/08/2010 23:20;Strada Urbana;PIAZZA DELL'EMPORIO;all'intersezione con;LUNGOTEVERE AVENTINO;LUNGOTEVERE AVENTINO;;;Tamponamento;Incrocio;Una carreggiata a senso unico di marcia;Asciutto;Asfaltata;Verticale ed orizzontale;Sereno;Scarso;Buona;Sufficiente;1;0;0;2;;;-1;2;Autovettura privata;In marcia / fermata / arresto;Passeggero;F;Rimandato;0;NON DECEDUTO;Non accertato;Inesistente
1847516;10;30/08/2010 09:50;Statale entro l'abitato;VIA APPIA NUOVA;in prossimità;;del civico n. ;999;;Infortunio per caduta del veicolo;Rettilineo;Più di due carreggiate;Viscido da liquidi oleosi;Asfaltata;Verticale ed orizzontale;Nuvoloso;Normale;Buona;Ore Diurne;1;0;0;0;;;-1;1;Motociclo a solo;In marcia / fermata / arresto;Conducente;M;Ricoverato;0;NON DECEDUTO;Non accertato;Inesistente
1847517;10;30/08/2010 11:25;Strada Urbana;VIA ANAGNINA;da specificare;;;;rampa immissione dal GRA direzione Grottaferrata;Tamponamento Multiplo;Rettilineo;Due carreggiate;Asciutto;Asfaltata;Verticale ed orizzontale;Sereno;Normale;Buona;Ore Diurne;2;0;0;3;;;-1;1;Autovettura privata;In marcia / fermata / arresto;Conducente;M;Illeso;0;;Non accertato;Inesistente
1847517;10;30/08/2010 11:25;Strada Urbana;VIA ANAGNINA;da specificare;;;;rampa immissione dal GRA direzione Grottaferrata;Tamponamento Multiplo;Rettilineo;Due carreggiate;Asciutto;Asfaltata;Verticale ed orizzontale;Sereno;Normale;Buona;Ore Diurne;2;0;0;3;;;-1;1;Autovettura privata;In marcia / fermata / arresto;Passeggero;F;Illeso;0;;Non accertato;Inesistente
1847517;10;30/08/2010 11:25;Strada Urbana;VIA ANAGNINA;da specificare;;;;rampa immissione dal GRA direzione Grottaferrata;Tamponamento Multiplo;Rettilineo;Due carreggiate;Asciutto;Asfaltata;Verticale ed orizzontale;Sereno;Normale;Buona;Ore Diurne;2;0;0;3;;;-1;2;Autovettura privata;In marcia / fermata / arresto;Conducente;M;Rifiuta cure immediate;0;NON DECEDUTO;Non accertato;Inesploso
1847517;10;30/08/2010 11:25;Strada Urbana;VIA ANAGNINA;da specificare;;;;rampa immissione dal GRA direzione Grottaferrata;Tamponamento Multiplo;Rettilineo;Due carreggiate;Asciutto;Asfaltata;Verticale ed orizzontale;Sereno;Normale;Buona;Ore Diurne;2;0;0;3;;;-1;2;Autovettura privata;In marcia / fermata / arresto;Passeggero;M;Illeso;0;;Non accertato;Inesploso
1847517;10;30/08/2010 11:25;Strada Urbana;VIA ANAGNINA;da specificare;;;;rampa immissione dal GRA direzione Grottaferrata;Tamponamento Multiplo;Rettilineo;Due carreggiate;Asciutto;Asfaltata;Verticale ed orizzontale;Sereno;Normale;Buona;Ore Diurne;2;0;0;3;;;-1;3;Autovettura privata;In marcia / fermata / arresto;Conducente;F;Rifiuta cure immediate;0;NON DECEDUTO;Non accertato;Inesploso
1847518;10;30/08/2010 16:50;Strada Urbana;VIA ANNIA REGILLA;all'intersezione con;VIA AL QUARTO MIGLIO;VIA AL QUARTO MIGLIO;;;Scontro laterale fra veicoli in marcia;Incrocio;Una carreggiata a senso unico di marcia;Asciutto;Asfaltata;Verticale ed orizzontale;Sereno;Normale;Buona;Ore Diurne;0;0;0;4;;;-1;1;Autovettura privata;In marcia / fermata / arresto;Conducente;M;Illeso;0;;Non accertato;Inesistente
1847518;10;30/08/2010 16:50;Strada Urbana;VIA ANNIA REGILLA;all'intersezione con;VIA AL QUARTO MIGLIO;VIA AL QUARTO MIGLIO;;;Scontro laterale fra veicoli in marcia;Incrocio;Una carreggiata a senso unico di marcia;Asciutto;Asfaltata;Verticale ed orizzontale;Sereno;Normale;Buona;Ore Diurne;0;0;0;4;;;-1;1;Autovettura privata;In marcia / fermata / arresto;Passeggero;M;Illeso;0;;Non accertato;Inesistente
1847518;10;30/08/2010 16:50;Strada Urbana;VIA ANNIA REGILLA;all'intersezione con;VIA AL QUARTO MIGLIO;VIA AL QUARTO MIGLIO;;;Scontro laterale fra veicoli in marcia;Incrocio;Una carreggiata a senso unico di marcia;Asciutto;Asfaltata;Verticale ed orizzontale;Sereno;Normale;Buona;Ore Diurne;0;0;0;4;;;-1;2;Autovettura privata;In marcia / fermata / arresto;Conducente;M;Illeso;0;;Non accertato;Inesistente
1847518;10;30/08/2010 16:50;Strada Urbana;VIA ANNIA REGILLA;all'intersezione con;VIA AL QUARTO MIGLIO;VIA AL QUARTO MIGLIO;;;Scontro laterale fra veicoli in marcia;Incrocio;Una carreggiata a senso unico di marcia;Asciutto;Asfaltata;Verticale ed orizzontale;Sereno;Normale;Buona;Ore Diurne;0;0;0;4;;;-1;2;Autovettura privata;In marcia / fermata / arresto;Passeggero;M;Illeso;0;;Non accertato;Inesistente
1847519;10;30/08/2010 19:50;Strada Urbana;VIA DI TORRE SPACCATA;in prossimità;;del civico n. ;101;;Scontro frontale/laterale SX fra veicoli in marcia;Curva a visuale libera;Una carreggiata a doppio senso;Viscido da liquidi oleosi;Asfaltata;Verticale ed orizzontale;Sereno;Normale;Buona;Sufficiente;0;0;0;2;;;-1;1;Autovettura privata;In marcia / fermata / arresto;Conducente;M;Illeso;0;;Non accertato;Inesploso
1847519;10;30/08/2010 19:50;Strada Urbana;VIA DI TORRE SPACCATA;in prossimità;;del civico n. ;101;;Scontro frontale/laterale SX fra veicoli in marcia;Curva a visuale libera;Una carreggiata a doppio senso;Viscido da liquidi oleosi;Asfaltata;Verticale ed orizzontale;Sereno;Normale;Buona;Sufficiente;0;0;0;2;;;-1;2;Autovettura privata;In marcia / fermata / arresto;Conducente;F;Illeso;0;;Non accertato;Inesploso
1847520;10;30/08/2010 21:15;Strada Urbana;VIA TUSCOLANA;in prossimità;;del civico n. ;950;;Scontro frontale/laterale SX fra veicoli in marcia;Rettilineo;Una carreggiata a doppio senso;Asciutto;Asfaltata;Verticale ed orizzontale;Sereno;Normale;Buona;Sufficiente;2;0;0;0;;;-1;1;Autovettura privata;In marcia / fermata / arresto;Conducente;M;Rimandato;0;NON DECEDUTO;Utilizzato;Inesploso
1847520;10;30/08/2010 21:15;Strada Urbana;VIA TUSCOLANA;in prossimità;;del civico n. ;950;;Scontro frontale/laterale SX fra veicoli in marcia;Rettilineo;Una carreggiata a doppio senso;Asciutto;Asfaltata;Verticale ed orizzontale;Sereno;Normale;Buona;Sufficiente;2;0;0;0;;;-1;1;Autovettura privata;In marcia / fermata / arresto;Passeggero;F;Rimandato;0;NON DECEDUTO;Non accertato;Inesploso
1847521;10;30/08/2010 22:40;Strada Urbana;VIA ANAGNINA;all'intersezione semaforizzata con;VIA DELLA STAZIONE DI CIAMPINO;VIA DELLA STAZIONE DI CIAMPINO;;;Scontro frontale/laterale DX fra veicoli in marcia;Incrocio;Due carreggiate;Asciutto;Asfaltata;Verticale ed orizzontale;Nuvoloso;Scarso;Buona;Sufficiente;1;0;0;3;;;-1;1;Autovettura privata;In marcia / fermata / arresto;Conducente;M;Illeso;0;;Utilizzato;Inesploso
1847521;10;30/08/2010 22:40;Strada Urbana;VIA ANAGNINA;all'intersezione semaforizzata con;VIA DELLA STAZIONE DI CIAMPINO;VIA DELLA STAZIONE DI CIAMPINO;;;Scontro frontale/laterale DX fra veicoli in marcia;Incrocio;Due carreggiate;Asciutto;Asfaltata;Verticale ed orizzontale;Nuvoloso;Scarso;Buona;Sufficiente;1;0;0;3;;;-1;2;Autovettura privata;In marcia / fermata / arresto;Conducente;M;Illeso;0;;Utilizzato;Inesploso
1847521;10;30/08/2010 22:40;Strada Urbana;VIA ANAGNINA;all'intersezione semaforizzata con;VIA DELLA STAZIONE DI CIAMPINO;VIA DELLA STAZIONE DI CIAMPINO;;;Scontro frontale/laterale DX fra veicoli in marcia;Incrocio;Due carreggiate;Asciutto;Asfaltata;Verticale ed orizzontale;Nuvoloso;Scarso;Buona;Sufficiente;1;0;0;3;;;-1;2;Autovettura privata;In marcia / fermata / arresto;Passeggero;M;Illeso;0;;Non accertato;Inesistente
1847521;10;30/08/2010 22:40;Strada Urbana;VIA ANAGNINA;all'intersezione semaforizzata con;VIA DELLA STAZIONE DI CIAMPINO;VIA DELLA STAZIONE DI CIAMPINO;;;Scontro frontale/laterale DX fra veicoli in marcia;Incrocio;Due carreggiate;Asciutto;Asfaltata;Verticale ed orizzontale;Nuvoloso;Scarso;Buona;Sufficiente;1;0;0;3;;;-1;2;Autovettura privata;In marcia / fermata / arresto;Passeggero;F;Rimandato;0;NON DECEDUTO;Non accertato;Inesistente
1847522;10;31/08/2010 03:15;Strada Urbana;VIA PONZIO COMINIO;all'intersezione con;VIA FLAVIO STILICONE;VIA FLAVIO STILICONE;;;Scontro frontale/laterale SX fra veicoli in marcia;Incrocio;Una carreggiata a senso unico di marcia;Asciutto;Asfaltata;Verticale ed orizzontale;Sereno;Scarso;Buona;Sufficiente;0;0;0;3;;;-1;1;Autovettura privata;In marcia / fermata / arresto;Conducente;M;Illeso;0;;Non accertato;Inesistente
1847522;10;31/08/2010 03:15;Strada Urbana;VIA PONZIO COMINIO;all'intersezione con;VIA FLAVIO STILICONE;VIA FLAVIO STILICONE;;;Scontro frontale/laterale SX fra veicoli in marcia;Incrocio;Una carreggiata a senso unico di marcia;Asciutto;Asfaltata;Verticale ed orizzontale;Sereno;Scarso;Buona;Sufficiente;0;0;0;3;;;-1;2;Autovettura privata;In marcia / fermata / arresto;Conducente;M;Illeso;0;;Utilizzato;Esploso
1847522;10;31/08/2010 03:15;Strada Urbana;VIA PONZIO COMINIO;all'intersezione con;VIA FLAVIO STILICONE;VIA FLAVIO STILICONE;;;Scontro frontale/laterale SX fra veicoli in marcia;Incrocio;Una carreggiata a senso unico di marcia;Asciutto;Asfaltata;Verticale ed orizzontale;Sereno;Scarso;Buona;Sufficiente;0;0;0;3;;;-1;2;Autovettura privata;In marcia / fermata / arresto;Passeggero;F;Illeso;0;;Utilizzato;Inesistente
1847525;11;05/08/2010 10:15;Strada Urbana;VIA CRISTOFORO COLOMBO;da specificare;;;;prossimità VIA COSTANTINO.;Tamponamento;Rettilineo;Più di due carreggiate;Asciutto;Asfaltata;Verticale ed orizzontale;Nuvoloso;Normale;Buona;Ore Diurne;0;0;0;6;;;-1;1;Autovettura privata;In marcia / fermata / arresto;Conducente;M;Illeso;0;;Non accertato;Inesploso
1847525;11;05/08/2010 10:15;Strada Urbana;VIA CRISTOFORO COLOMBO;da specificare;;;;prossimità VIA COSTANTINO.;Tamponamento;Rettilineo;Più di due carreggiate;Asciutto;Asfaltata;Verticale ed orizzontale;Nuvoloso;Normale;Buona;Ore Diurne;0;0;0;6;;;-1;1;Autovettura privata;In marcia / fermata / arresto;Passeggero;F;Illeso;0;;Non accertato;Inesploso
1847525;11;05/08/2010 10:15;Strada Urbana;VIA CRISTOFORO COLOMBO;da specificare;;;;prossimità VIA COSTANTINO.;Tamponamento;Rettilineo;Più di due carreggiate;Asciutto;Asfaltata;Verticale ed orizzontale;Nuvoloso;Normale;Buona;Ore Diurne;0;0;0;6;;;-1;1;Autovettura privata;In marcia / fermata / arresto;Passeggero;M;Illeso;0;;Non accertato;Inesistente
1847525;11;05/08/2010 10:15;Strada Urbana;VIA CRISTOFORO COLOMBO;da specificare;;;;prossimità VIA COSTANTINO.;Tamponamento;Rettilineo;Più di due carreggiate;Asciutto;Asfaltata;Verticale ed orizzontale;Nuvoloso;Normale;Buona;Ore Diurne;0;0;0;6;;;-1;2;Autocarro superiore 35 q.;In marcia / fermata / arresto;Conducente;M;Illeso;0;;Non accertato;Inesistente
1847525;11;05/08/2010 10:15;Strada Urbana;VIA CRISTOFORO COLOMBO;da specificare;;;;prossimità VIA COSTANTINO.;Tamponamento;Rettilineo;Più di due carreggiate;Asciutto;Asfaltata;Verticale ed orizzontale;Nuvoloso;Normale;Buona;Ore Diurne;0;0;0;6;;;-1;3;Autocarro inferiore 35 q.;In marcia / fermata / arresto;Conducente;M;Illeso;0;;Non accertato;Inesistente
1847525;11;05/08/2010 10:15;Strada Urbana;VIA CRISTOFORO COLOMBO;da specificare;;;;prossimità VIA COSTANTINO.;Tamponamento;Rettilineo;Più di due carreggiate;Asciutto;Asfaltata;Verticale ed orizzontale;Nuvoloso;Normale;Buona;Ore Diurne;0;0;0;6;;;-1;3;Autocarro inferiore 35 q.;In marcia / fermata / arresto;Passeggero;M;Illeso;0;;Non accertato;Inesistente
1847526;11;05/08/2010 17:15;Strada Urbana;VIA ARDEATINA;da specificare;;;;altezza VIA CENTRO DEL BIVIO.;Tamponamento Multiplo;Rettilineo;Una carreggiata a doppio senso;Asciutto;Asfaltata;Verticale ed orizzontale;Sereno;Normale;Buona;Ore Diurne;0;0;0;4;;;-1;1;Autovettura privata;In marcia / fermata / arresto;Conducente;M;Illeso;0;;Non accertato;Inesploso
1847526;11;05/08/2010 17:15;Strada Urbana;VIA ARDEATINA;da specificare;;;;altezza VIA CENTRO DEL BIVIO.;Tamponamento Multiplo;Rettilineo;Una carreggiata a doppio senso;Asciutto;Asfaltata;Verticale ed orizzontale;Sereno;Normale;Buona;Ore Diurne;0;0;0;4;;;-1;2;Motociclo a solo;In marcia / fermata / arresto;Conducente;M;Illeso;0;;Non accertato;Inesistente
1847526;11;05/08/2010 17:15;Strada Urbana;VIA ARDEATINA;da specificare;;;;altezza VIA CENTRO DEL BIVIO.;Tamponamento Multiplo;Rettilineo;Una carreggiata a doppio senso;Asciutto;Asfaltata;Verticale ed orizzontale;Sereno;Normale;Buona;Ore Diurne;0;0;0;4;;;-1;2;Motociclo a solo;In marcia / fermata / arresto;Passeggero;M;Illeso;0;;Non utilizzato;Inesistente
1847526;11;05/08/2010 17:15;Strada Urbana;VIA ARDEATINA;da specificare;;;;altezza VIA CENTRO DEL BIVIO.;Tamponamento Multiplo;Rettilineo;Una carreggiata a doppio senso;Asciutto;Asfaltata;Verticale ed orizzontale;Sereno;Normale;Buona;Ore Diurne;0;0;0;4;;;-1;3;Autovettura privata;In marcia / fermata / arresto;Conducente;M;Illeso;0;;Utilizzato;Inesploso
1847527;11;06/08/2010 12:15;Strada Urbana;VIA GASPARE GOZZI;in corrispondenza;;del civico n. ;137;;Scontro laterale fra veicoli in marcia;Rettilineo;Una carreggiata a senso unico di marcia;Asciutto;Asfaltata;Orizzontale;Nuvoloso;Scarso;Buona;Ore Diurne;0;0;0;5;;;-1;1;Autovettura privata;In marcia / fermata / arresto;Conducente;F;Illeso;0;;Non accertato;Inesploso
1847527;11;06/08/2010 12:15;Strada Urbana;VIA GASPARE GOZZI;in corrispondenza;;del civico n. ;137;;Scontro laterale fra veicoli in marcia;Rettilineo;Una carreggiata a senso unico di marcia;Asciutto;Asfaltata;Orizzontale;Nuvoloso;Scarso;Buona;Ore Diurne;0;0;0;5;;;-1;1;Autovettura privata;In marcia / fermata / arresto;Passeggero;F;Illeso;0;;Non accertato;Inesistente
1847527;11;06/08/2010 12:15;Strada Urbana;VIA GASPARE GOZZI;in corrispondenza;;del civico n. ;137;;Scontro laterale fra veicoli in marcia;Rettilineo;Una carreggiata a senso unico di marcia;Asciutto;Asfaltata;Orizzontale;Nuvoloso;Scarso;Buona;Ore Diurne;0;0;0;5;;;-1;2;Autovettura privata;In marcia / fermata / arresto;Conducente;M;Illeso;0;;Non accertato;Inesploso
1847527;11;06/08/2010 12:15;Strada Urbana;VIA GASPARE GOZZI;in corrispondenza;;del civico n. ;137;;Scontro laterale fra veicoli in marcia;Rettilineo;Una carreggiata a senso unico di marcia;Asciutto;Asfaltata;Orizzontale;Nuvoloso;Scarso;Buona;Ore Diurne;0;0;0;5;;;-1;2;Autovettura privata;In marcia / fermata / arresto;Passeggero;F;Illeso;0;;Non accertato;Inesistente
1847527;11;06/08/2010 12:15;Strada Urbana;VIA GASPARE GOZZI;in corrispondenza;;del civico n. ;137;;Scontro laterale fra veicoli in marcia;Rettilineo;Una carreggiata a senso unico di marcia;Asciutto;Asfaltata;Orizzontale;Nuvoloso;Scarso;Buona;Ore Diurne;0;0;0;5;;;-1;2;Autovettura privata;In marcia / fermata / arresto;Passeggero;F;Illeso;0;;Non accertato;Inesistente
1847529;11;06/08/2010 17:00;Strada Urbana;VIA DI TOR CARBONE;in prossimità;;del civico n. ;77;;Tamponamento;Curva senza visuale libera;Una carreggiata a doppio senso;Asciutto;Asfaltata;Orizzontale;Nuvoloso;Normale;Buona;Ore Diurne;0;0;0;2;;;-1;1;Autocarro inferiore 35 q.;In marcia / fermata / arresto;Conducente;M;Illeso;0;;Non accertato;Inesistente